<?xml version="1.0" encoding="UTF-8"?>
<!DOCTYPE hibernate-configuration PUBLIC "-//Hibernate/Hibernate Configuration DTD 3.0//EN" "http://www.hibernate.org/dtd/hibernate-configuration-3.0.dtd">
<hibernate-configuration>
	<session-factory>
		<!-- Database connection settings -->
		<property name="hibernate.connection.driver_class">com.mysql.jdbc.Driver</property>
		<property name="hibernate.connection.url">jdbc:mysql://localhost:3306/cascadedb</property>
		<property name="hibernate.connection.username">root</property>
		<property name="hibernate.connection.password">mysql</property>

		<!-- Sql dialect -->
		<property name="hibernate.dialect">org.hibernate.dialect.MySQLDialect</property>

		<!-- Printing the sql queries to the console -->
		<property name="show_sql">true</property>

		<!-- Model classes -->
		<mapping class="com.hibernate.model.Student" />
		<mapping class="com.hibernate.model.Subject" />
	</session-factory>
</hibernate-configuration>