<?xml version="1.0" encoding="UTF-8"?>
<beans xmlns="http://www.springframework.org/schema/beans"
	xmlns:xsi="http://www.w3.org/2001/XMLSchema-instance"
	xmlns:aop="http://www.springframework.org/schema/aop"
	xmlns:context="http://www.springframework.org/schema/context"
	xsi:schemaLocation="http://www.springframework.org/schema/beans http://www.springframework.org/schema/beans/spring-beans-3.1.xsd
		http://www.springframework.org/schema/aop http://www.springframework.org/schema/aop/spring-aop-3.1.xsd
		http://www.springframework.org/schema/context http://www.springframework.org/schema/context/spring-context-3.1.xsd">

<aop:config>
	<aop:aspect id="myAudit" ref="audit">
		<!-- <aop:pointcut 
		expression="execution(* org.cap.service.*.*(..))" id="myPoint"/>
		 -->
		 <aop:pointcut 
		expression="execution(* org.cap.service.BankServiceImpl.withdrawal(..))" id="myPoint"/>
		
		 
		 <aop:after-throwing method="afterThrow" pointcut-ref="myPoint" 
		  throwing="ex"/>
		 
	<!-- 	<aop:before method="beforeFundTransfer" pointcut-ref="myPoint"/>
		<aop:after method="afterFundTransfer" pointcut-ref="myPoint"/>
		<aop:around method="around" pointcut-ref="myPoint"/>
		<aop:after-returning method="afterReturning" pointcut-ref="myPoint" 
		 returning="account" /> -->
	</aop:aspect>

</aop:config>


<bean id="account" class="org.cap.pojo.Account">
	<property name="accountId" value="1001"/>
	<property name="accountName" value="Tom"/>
	<property name="balance" value="7000"/>
</bean>

<bean id="bankService" class="org.cap.service.BankServiceImpl"/>

<bean id="audit" class="org.cap.aopservice.Auditing"/>

</beans>
