<?xml version='1.0' encoding='UTF-8'?>
<!DOCTYPE hibernate-mapping SYSTEM
    "http://hibernate.sourceforge.net/hibernate-mapping-3.0.dtd">

<hibernate-mapping>

	<class name="com.infinite.business.Student" table="Student">
		<id name="studentId" type="int" column="Student_Id">
			<generator class="native"></generator>
		</id>
	
		<property name="firstName" column="First_Name" type="string"></property>
		<property name="lastName" column="Last_Name" type="string"></property>
		<property name="className" column="Class" type="string"></property>
		<property name="rollNo" column="RollNo" type="string"></property>
		<property name="age" column="Age" type="int"></property>
		
		<set name="subjects" cascade="all">
         <key column="Student_Id"/>
         <one-to-many class="com.infinite.business.Subject"/>
       </set>
	
	  </class>

</hibernate-mapping>