<?xml version='1.0' encoding='UTF-8'?>
<!DOCTYPE hibernate-configuration PUBLIC
        "-//Hibernate/Hibernate Configuration DTD 3.0//EN"
        "http://www.hibernate.org/dtd/hibernate-configuration-3.0.dtd">

<hibernate-configuration>
	<session-factory>
		<!-- SQL Dialect -->
		<property name="hibernate.dialect">org.hibernate.dialect.MySQLDialect</property>

		<!-- Database Connection Settings -->
		<property name="hibernate.connection.driver_class">com.mysql.jdbc.Driver</property>
		<property name="hibernate.connection.url">jdbc:mysql://localhost:3306/training</property>
		<property name="hibernate.connection.username">root</property>
		<property name="hibernate.connection.password">mysql</property>
		<property name="show_sql">true</property>

		
		<!-- Mapping With Model Class Containing Annotations -->
		<mapping class="com.infinite.hibernate.crud.operations.Student" />
	</session-factory>
</hibernate-configuration>